,year,month,day,place,lat,lon,clerical,secular,pope_lat,pope_lon,geometry,season,month_n,distance,reigndaysent
0,1073,April,23.0,Monte Cassino,41.49,13.81388889,True,False,41.88333333,12.5,POINT (13.81388889 41.49),spring,4.0,117.54302913515788,1.0
1,1073,April,23.0,Salerno,40.68333333,14.76666667,False,True,41.88333333,12.5,POINT (14.76666667 40.68333333),spring,4.0,231.6678033101517,1.0
2,1073,April,26.0,Ravenna,44.4156,12.1966,True,False,41.88333333,12.5,POINT (12.1966 44.4156),spring,4.0,282.6482782947263,4.0
3,1073,April,29.0,Florence,43.78333333,11.25,True,False,41.88333333,12.5,POINT (11.25 43.78333333),spring,4.0,234.56567472699763,7.0
4,1073,April,28.0,Tuscany,44.576,10.456,False,True,41.88333333,12.5,POINT (10.456 44.576),spring,4.0,342.1269156853009,6.0
5,1073,April,28.0,Cluny,46.43416667,4.65916667,True,False,41.88333333,12.5,POINT (4.65916667 46.43416667),spring,4.0,803.872886725467,6.0
6,1073,April,28.0,Reims,49.2628,4.0347,True,False,41.88333333,12.5,POINT (4.0347 49.2628),spring,4.0,1050.9984998050318,6.0
7,1073,April,28.0,Marseille,43.2964,5.37,True,False,41.88333333,12.5,POINT (5.37 43.2964),spring,4.0,604.2489854934645,6.0
8,1073,April,28.0,Denmark,55.67611111,12.56833333,False,True,41.88333333,12.5,POINT (12.56833333 55.67611111),spring,4.0,1533.6948919008005,6.0
9,1073,April,30.0,Gaul,48.856613,2.352222,True,False,41.88333333,12.5,POINT (2.352222 48.856613),spring,4.0,1107.0849417617649,8.0
10,1073,April,30.0,Gaul,48.856613,2.352222,False,True,41.88333333,12.5,POINT (2.352222 48.856613),spring,4.0,1107.0849417617649,8.0
11,1073,May,6.0,Lower Lorraine,49.7955,5.068,False,True,41.88333333,12.5,POINT (5.068 49.7955),spring,5.0,1050.2648547887284,15.0
12,1073,June,1.0,Imola,44.35305556,11.71472222,False,True,41.88333333,12.5,POINT (11.71472222 44.35305556),summer,6.0,281.91609730751173,40.0
13,1073,June,24.0,Tuscany,44.576,10.456,False,True,41.88333333,12.5,POINT (10.456 44.576),summer,6.0,342.1269156853009,63.0
14,1073,June,29.0,Pavia,45.18333333,9.15,True,False,41.88333333,12.5,POINT (9.15 45.18333333),summer,6.0,455.5133180608204,68.0
15,1073,June,30.0,Reims,49.2628,4.0347,True,False,41.88333333,12.5,POINT (4.0347 49.2628),summer,6.0,1050.9984998050318,69.0
16,1073,June,30.0,Cluny,46.43416667,4.65916667,True,False,41.88333333,12.5,POINT (4.65916667 46.43416667),summer,6.0,803.872886725467,69.0
17,1073,July,1.0,Lombardy,45.46694444,9.19,True,False,41.88333333,12.5,POINT (9.19 45.46694444),summer,7.0,479.1176122162628,70.0
18,1073,July,1.0,Spain,42.60555556,-5.57,True,False,41.88333333,12.5,POINT (-5.57 42.60555556),summer,7.0,1486.781864682632,70.0
19,1073,July,8.0,Bohemia,50.08333333,14.41666667,False,True,41.75583333,12.29166667,POINT (14.41666667 50.08333333),summer,7.0,940.3455949065445,77.0
20,1073,July,9.0,Constantinople,41.01361111,28.955,False,True,41.73333333,12.66666667,POINT (28.955 41.01361111),summer,7.0,1359.46075787504,78.0
21,1073,August,12.0,Benevento,41.13333333,14.78333333,False,True,41.13333333,14.78333333,POINT (14.78333333 41.13333333),summer,8.0,0.0,112.0
22,1073,September,1.0,Swabia,47.66666667,9.18333333,False,True,41.885,12.49666667,POINT (9.18333333 47.66666667),autumn,9.0,693.8810600319217,132.0
23,1073,September,1.0,Como,45.81666667,9.08333333,True,False,41.885,12.49666667,POINT (9.08333333 45.81666667),autumn,9.0,515.6761970221144,132.0
24,1073,September,1.0,Lucca,43.84166667,10.50277778,True,False,41.885,12.49666667,POINT (10.50277778 43.84166667),autumn,9.0,271.5437713413713,132.0
25,1073,September,15.0,Carthage,36.80638889,10.18166667,True,True,41.885,12.49666667,POINT (10.18166667 36.80638889),autumn,9.0,598.7085314518544,146.0
26,1073,September,15.0,Carthage,36.80638889,10.18166667,True,False,41.885,12.49666667,POINT (10.18166667 36.80638889),autumn,9.0,598.7085314518544,146.0
27,1073,September,24.0,Verona,45.43861111,10.99277778,True,False,41.885,12.49666667,POINT (10.99277778 45.43861111),autumn,9.0,413.2256663672698,155.0
28,1073,September,27.0,Milan,45.46694444,9.19,False,True,41.885,12.49666667,POINT (9.19 45.46694444),autumn,9.0,478.8127985288418,158.0
29,1073,October,9.0,Milan,45.46694444,9.19,False,True,41.885,12.49666667,POINT (9.19 45.46694444),autumn,10.0,478.8127985288418,170.0
30,1073,October,13.0,Acqui,44.68333333,8.46666667,True,False,41.885,12.49666667,POINT (8.46666667 44.68333333),autumn,10.0,450.7066778764054,174.0
31,1073,October,13.0,Pavia,45.18333333,9.15,True,False,41.885,12.49666667,POINT (9.15 45.18333333),autumn,10.0,455.2028107321787,174.0
32,1073,October,14.0,Sardinia,39.22777778,9.11111111,False,True,41.885,12.49666667,POINT (9.11111111 39.22777778),autumn,10.0,411.1596669323317,175.0
33,1073,November,15.0,Salzburg,47.8,13.03333333,True,False,41.885,12.49666667,POINT (13.03333333 47.8),autumn,11.0,659.0727996372908,207.0
34,1073,November,20.0,Canterbury,51.28,1.08,True,False,41.5,13.83333333,POINT (1.08 51.28),autumn,11.0,1458.5198243956152,212.0
35,1073,November,27.0,Chartres,48.456,1.484,True,False,44.83333333,11.61666667,POINT (1.484 48.456),autumn,11.0,871.1364541196226,219.0
36,1073,November,28.0,Tortona,44.89416667,8.86555556,True,False,44.83333333,11.61666667,POINT (8.865555560000001 44.89416667),autumn,11.0,216.91961659146565,220.0
37,1073,December,2.0,Lincoln,53.23444444,-0.53611111,True,False,41.4667,12.9,POINT (-0.53611111 53.23444444),winter,12.0,1648.5997546946942,224.0
38,1073,December,4.0,Chalon-sur-Saône,46.7806,4.8528,True,False,41.4667,12.9,POINT (4.8528 46.7806),winter,12.0,871.9306508799706,226.0
39,1073,December,4.0,Lyon,45.76,4.84,True,False,41.4667,12.9,POINT (4.84 45.76),winter,12.0,804.9142395058526,226.0
40,1073,December,7.0,Turin,45.07916667,7.67611111,False,True,41.4667,12.9,POINT (7.67611111 45.07916667),winter,12.0,583.0501300585379,229.0
41,1073,December,17.0,Bohemia,50.08333333,14.41666667,False,True,41.88333333,12.5,POINT (14.41666667 50.08333333),winter,12.0,923.6605279560193,239.0
42,1073,December,20.0,Saxony,52.13333333,11.61666667,False,True,41.88333333,12.5,POINT (11.61666667 52.13333333),winter,12.0,1141.690842744464,242.0
43,1074,January,3.0,Tuscany,44.576,10.456,False,True,41.88333333,12.5,POINT (10.456 44.576),winter,1.0,342.1269156853009,256.0
44,1074,January,16.0,Cagliari,39.22777778,9.11111111,False,True,41.88333333,12.5,POINT (9.11111111 39.22777778),winter,1.0,411.2249110825515,269.0
45,1074,January,24.0,Aquileia,45.769725,13.37119167,True,False,41.88333333,12.5,POINT (13.37119167 45.769725),winter,1.0,437.75359515900294,277.0
46,1074,January,25.0,Lombardy,45.46694444,9.19,True,False,41.88333333,12.5,POINT (9.19 45.46694444),winter,1.0,479.1176122162628,278.0
47,1074,January,31.0,Prague,50.08333333,14.41666667,True,False,41.88333333,12.5,POINT (14.41666667 50.08333333),winter,1.0,923.6605279560193,284.0
48,1074,January,31.0,Bohemia,50.08333333,14.41666667,False,True,41.88333333,12.5,POINT (14.41666667 50.08333333),winter,1.0,923.6605279560193,284.0
49,1074,February,2.0,Burgundy,45.76,4.84,False,True,41.88333333,12.5,POINT (4.84 45.76),winter,2.0,750.1087408059522,286.0
50,1074,February,16.0,Tuscany,44.576,10.456,False,True,41.88333333,12.5,POINT (10.456 44.576),winter,2.0,342.1269156853009,300.0
51,1074,February,26.0,Genoa,44.41111111,8.93277778,True,True,41.88333333,12.5,POINT (8.93277778 44.41111111),winter,2.0,403.3538910075916,310.0
52,1074,March,4.0,Tuscany,44.576,10.456,False,True,41.88333333,12.5,POINT (10.456 44.576),spring,3.0,342.1269156853009,316.0
53,1074,March,14.0,Saint-Sever,43.7597,-0.5742,True,False,41.88333333,12.5,POINT (-0.5742 43.7597),spring,3.0,1085.3157808325066,326.0
54,1074,March,14.0,Reims,49.2628,4.0347,True,False,41.88333333,12.5,POINT (4.0347 49.2628),spring,3.0,1050.9984998050318,326.0
55,1074,March,14.0,Metz,49.12027778,6.17777778,True,False,41.88333333,12.5,POINT (6.17777778 49.12027778),spring,3.0,942.8064877877634,326.0
56,1074,March,16.0,Poitiers,46.58,0.34,True,False,41.88333333,12.5,POINT (0.34 46.58),spring,3.0,1098.9290453241763,328.0
57,1074,March,16.0,Tarbes,43.23,0.07,True,False,41.88333333,12.5,POINT (0.07000000000000001 43.23),spring,3.0,1028.071670870274,328.0
58,1074,March,17.0,Châlons-en-Champagne,48.9575,4.365,True,False,41.88333333,12.5,POINT (4.365 48.9575),spring,3.0,1009.6722909303431,329.0
59,1074,March,17.0,Pavia,45.18333333,9.15,True,False,41.88333333,12.5,POINT (9.15 45.18333333),spring,3.0,455.5133180608204,329.0
60,1074,March,17.0,Hungary,47.19555556,18.40888889,False,True,41.88333333,12.5,POINT (18.40888889 47.19555556),spring,3.0,753.3441798430608,329.0
61,1074,March,17.0,Bohemia,50.08333333,14.41666667,False,True,41.88333333,12.5,POINT (14.41666667 50.08333333),spring,3.0,923.6605279560193,329.0
62,1074,March,18.0,Mainz,50.0,8.26666667,True,False,41.88333333,12.5,POINT (8.266666669999999 50),spring,3.0,959.6535002698256,330.0
63,1074,March,18.0,Bohemia,50.08333333,14.41666667,False,True,41.88333333,12.5,POINT (14.41666667 50.08333333),spring,3.0,923.6605279560193,330.0
64,1074,March,19.0,Cluny,46.43416667,4.65916667,True,False,41.88333333,12.5,POINT (4.65916667 46.43416667),spring,3.0,803.872886725467,331.0
65,1074,March,20.0,Aragon,41.65,-0.88333333,False,True,41.88333333,12.5,POINT (-0.88333333 41.65),spring,3.0,1109.14177366733,332.0
66,1074,March,19.0,León-Castile,42.60555556,-5.57,False,True,41.88333333,12.5,POINT (-5.57 42.60555556),spring,3.0,1486.781864682632,331.0
67,1074,March,19.0,Navarre,42.81666667,-1.65,False,True,41.88333333,12.5,POINT (-1.65 42.81666667),spring,3.0,1166.054711383611,331.0
68,1074,March,20.0,Ragusa,36.9257,14.7287,False,True,41.88333333,12.5,POINT (14.7287 36.9257),spring,3.0,583.5131867294359,332.0
69,1074,March,20.0,Antrodoco,42.41666667,13.08333333,True,True,41.88333333,12.5,POINT (13.08333333 42.41666667),spring,3.0,76.35101422730969,332.0
70,1074,March,21.0,Sisteron,44.1911,5.9472,True,False,41.88333333,12.5,POINT (5.9472 44.1911),spring,3.0,590.928949777942,333.0
71,1074,March,22.0,Nîmes,43.838,4.361,True,False,41.88333333,12.5,POINT (4.361 43.838),spring,3.0,697.7286228257343,334.0
72,1074,March,23.0,Die,44.75222222,5.37111111,False,True,41.88333333,12.5,POINT (5.37111111 44.75222222),spring,3.0,658.7335948087172,335.0
73,1074,April,4.0,England,51.50722222,-0.1275,False,True,41.88333333,12.5,POINT (-0.1275 51.50722222),spring,4.0,1435.6506219570915,347.0
74,1074,April,4.0,England,51.50722222,-0.1275,False,True,41.88333333,12.5,POINT (-0.1275 51.50722222),spring,4.0,1435.6506219570915,347.0
75,1074,April,7.0,Lorraine,49.7955,5.068,False,True,41.88333333,12.5,POINT (5.068 49.7955),spring,4.0,1050.2648547887284,350.0
76,1074,April,12.0,Poitiers,46.58,0.34,True,False,41.88333333,12.5,POINT (0.34 46.58),spring,4.0,1098.9290453241763,355.0
77,1074,April,13.0,Beauvais,49.4303,2.0952,True,True,41.88333333,12.5,POINT (2.0952 49.4303),spring,4.0,1163.326266008616,356.0
78,1074,April,13.0,France,48.856613,2.352222,False,True,41.88333333,12.5,POINT (2.352222 48.856613),spring,4.0,1107.0849417617649,356.0
79,1074,April,15.0,Lyon,45.76,4.84,True,False,41.88333333,12.5,POINT (4.84 45.76),spring,4.0,750.1087408059522,358.0
80,1074,April,15.0,Tuscany,44.576,10.456,False,True,41.88333333,12.5,POINT (10.456 44.576),spring,4.0,342.1269156853009,358.0
81,1074,April,16.0,Bohemia,50.08333333,14.41666667,True,False,41.88333333,12.5,POINT (14.41666667 50.08333333),spring,4.0,923.6605279560193,359.0
82,1074,April,18.0,Cologne,50.93638889,6.95277778,True,False,41.88333333,12.5,POINT (6.95277778 50.93638889),spring,4.0,1092.030276056945,361.0
83,1074,April,13.0,Le Puy-en-Velay,45.0442,3.8858,True,True,41.88333333,12.5,POINT (3.8858 45.0442),spring,4.0,778.447344194273,356.0
84,1074,May,6.0,Trier,49.75,6.63333333,True,False,41.88333333,12.5,POINT (6.63333333 49.75),spring,5.0,985.0986121843847,380.0
85,1074,May,9.0,León-Castille,42.60555556,-5.57,False,True,41.88333333,12.5,POINT (-5.57 42.60555556),spring,5.0,1486.781864682632,383.0
86,1074,June,12.0,Bamberg,49.9,10.9,True,False,42.419444,12.234167,POINT (10.9 49.9),summer,6.0,838.0846114489146,416.0
87,1074,June,15.0,Rome,41.88333333,12.5,False,True,45.07916667,7.67611111,POINT (12.5 41.88333333),summer,6.0,526.8534560855204,419.0
88,1074,August,28.0,Brittany,48.1147,-1.6794,True,False,41.75583333,12.29166667,POINT (-1.6794 48.1147),summer,8.0,1304.3900568132653,493.0
89,1074,September,10.0,Poitiers,46.58,0.34,True,False,41.95972222,12.79805556,POINT (0.34 46.58),autumn,9.0,1115.31909941873,506.0
90,1074,September,10.0,Poitou,46.58,0.34,False,True,41.95972222,12.79805556,POINT (0.34 46.58),autumn,9.0,1115.31909941873,506.0
91,1074,September,10.0,Bordeaux,44.84,-0.58,True,False,41.95972222,12.79805556,POINT (-0.58 44.84),autumn,9.0,1125.7713545279464,506.0
92,1074,September,10.0,France,48.856613,2.352222,True,False,41.95972222,12.79805556,POINT (2.352222 48.856613),autumn,9.0,1117.530243135246,506.0
93,1074,September,22.0,Prague,50.08333333,14.41666667,True,False,41.88333333,12.5,POINT (14.41666667 50.08333333),autumn,9.0,923.6605279560193,518.0
94,1074,September,22.0,Bohemia,50.08333333,14.41666667,False,True,41.88333333,12.5,POINT (14.41666667 50.08333333),autumn,9.0,923.6605279560193,518.0
95,1074,September,22.0,Olmütz,49.59388889,17.25083333,True,False,41.88333333,12.5,POINT (17.25083333 49.59388889),autumn,9.0,932.8096799953387,518.0
96,1074,October,16.0,Tuscany,44.576,10.456,False,True,41.88333333,12.5,POINT (10.456 44.576),autumn,10.0,342.1269156853009,542.0
97,1074,October,16.0,Trier,49.75,6.63333333,True,False,41.88333333,12.5,POINT (6.63333333 49.75),autumn,10.0,985.0986121843847,542.0
98,1074,October,26.0,Calw,48.71666667,8.73333333,False,True,41.88333333,12.5,POINT (8.733333330000001 48.71666667),autumn,10.0,814.6796975257506,552.0
99,1074,October,26.0,Halberstadt,51.89583333,11.04666667,True,False,41.88333333,12.5,POINT (11.04666667 51.89583333),autumn,10.0,1118.7418844890117,552.0
100,1074,October,28.0,Hungary,47.19555556,18.40888889,False,True,41.88333333,12.5,POINT (18.40888889 47.19555556),autumn,10.0,753.3441798430608,554.0
101,1074,October,29.0,Strassburg,48.58333333,7.74583333,True,False,41.88333333,12.5,POINT (7.74583333 48.58333333),autumn,10.0,832.4334583387707,555.0
102,1074,October,29.0,Basle,47.55472222,7.59055556,True,False,41.88333333,12.5,POINT (7.59055556 47.55472222),autumn,10.0,740.021178149154,555.0
103,1074,November,11.0,Lyons,45.76,4.84,True,False,41.88333333,12.5,POINT (4.84 45.76),autumn,11.0,750.1087408059522,568.0
104,1074,November,11.0,Autun,46.9517,4.2994,True,False,41.88333333,12.5,POINT (4.2994 46.9517),autumn,11.0,860.4600554394775,568.0
105,1074,November,11.0,Mâcon,46.3063,4.8313,True,False,41.88333333,12.5,POINT (4.8313 46.3063),autumn,11.0,784.8235817144794,568.0
106,1074,November,11.0,Sens,48.1975,3.2877,True,False,41.88333333,12.5,POINT (3.2877 48.1975),autumn,11.0,1007.0622097125946,568.0
107,1074,November,13.0,Perugia,43.112685,12.389209,True,False,41.88333333,12.5,POINT (12.389209 43.112685),autumn,11.0,136.9990665280726,570.0
108,1074,November,13.0,Poitou,46.58,0.34,False,True,41.88333333,12.5,POINT (0.34 46.58),autumn,11.0,1098.9290453241763,570.0
109,1074,November,15.0,Bourges,47.0844,2.3964,True,False,41.88333333,12.5,POINT (2.3964 47.0844),autumn,11.0,987.1130958150688,572.0
110,1074,November,15.0,Sens,48.1975,3.2877,True,False,41.88333333,12.5,POINT (3.2877 48.1975),autumn,11.0,1007.0622097125946,572.0
111,1074,November,15.0,Beaulieu,45.1929,0.7217,True,False,41.88333333,12.5,POINT (0.7217 45.1929),autumn,11.0,1017.0433806193734,572.0
112,1074,November,15.0,Sainte-Maure,47.1678,0.2436,False,True,41.88333333,12.5,POINT (0.2436 47.1678),autumn,11.0,1133.5581249022687,572.0
113,1074,November,16.0,Poitiers,46.58,0.34,True,False,41.88333333,12.5,POINT (0.34 46.58),autumn,11.0,1098.9290453241763,573.0
114,1074,November,16.0,Bordeaux,44.84,-0.58,True,True,41.88333333,12.5,POINT (-0.58 44.84),autumn,11.0,1105.9018618823327,573.0
115,1074,November,16.0,Aquitane,46.58,0.34,True,True,41.88333333,12.5,POINT (0.34 46.58),autumn,11.0,1098.9290453241763,573.0
116,1074,November,18.0,Cologne,50.93638889,6.95277778,True,False,41.88333333,12.5,POINT (6.95277778 50.93638889),autumn,11.0,1092.030276056945,575.0
117,1074,November,27.0,Piacenza,45.04777778,9.70055556,True,False,41.88333333,12.5,POINT (9.70055556 45.04777778),autumn,11.0,418.09390795900583,584.0
118,1074,November,27.0,Piacenza,45.04777778,9.70055556,True,False,41.88333333,12.5,POINT (9.70055556 45.04777778),autumn,11.0,418.09390795900583,584.0
119,1074,December,12.0,Bremen,53.08333333,8.8,True,False,41.88333333,12.5,POINT (8.800000000000001 53.08333333),winter,12.0,1275.5953777352024,599.0
120,1074,December,4.0,Mainz,50.0,8.26666667,True,False,41.88333333,12.5,POINT (8.266666669999999 50),winter,12.0,959.6535002698256,591.0
121,1074,December,7.0,Holy Roman Empire,50.77555556,6.08361111,False,True,41.88333333,12.5,POINT (6.08361111 50.77555556),winter,12.0,1103.6991783153073,594.0
122,1074,December,7.0,Holy Roman Empire,50.77555556,6.08361111,False,True,41.88333333,12.5,POINT (6.08361111 50.77555556),winter,12.0,1103.6991783153073,594.0
123,1074,December,8.0,Rheims,49.2628,4.0347,True,False,41.88333333,12.5,POINT (4.0347 49.2628),winter,12.0,1050.9984998050318,595.0
124,1074,December,12.0,Turin,45.07916667,7.67611111,True,False,41.88333333,12.5,POINT (7.67611111 45.07916667),winter,12.0,526.8534560855204,599.0
125,1074,December,16.0,Pavia,45.18333333,9.15,True,False,41.88333333,12.5,POINT (9.15 45.18333333),winter,12.0,455.5133180608204,603.0
126,1074,December,16.0,Este,45.2306,11.6567,False,True,41.88333333,12.5,POINT (11.6567 45.2306),winter,12.0,378.3451672267322,603.0
127,1074,December,22.0,Fermo,43.1611,13.7164,False,True,41.88333333,12.5,POINT (13.7164 43.1611),winter,12.0,173.55951984108899,609.0
128,1074,December,31.0,Venice,45.4375,12.33583333,False,True,41.88333333,12.5,POINT (12.33583333 45.4375),winter,12.0,395.4256231943854,618.0
129,1075,January,2.0,San Bonifazio,41.88333333,12.5,True,False,41.88333333,12.5,POINT (12.5 41.88333333),winter,1.0,0.0,620.0
130,1075,January,2.0,Montefeltre,43.9,12.28333333,True,True,41.88333333,12.5,POINT (12.28333333 43.9),winter,1.0,224.93645875582138,620.0
131,1075,January,2.0,Gubbio,43.35,12.566667,True,True,41.88333333,12.5,POINT (12.566667 43.35),winter,1.0,163.1770892021873,620.0
132,1075,January,4.0,Ravenna,44.4156,12.1966,True,False,41.88333333,12.5,POINT (12.1966 44.4156),winter,1.0,282.6482782947263,622.0
133,1075,January,5.0,Die,44.75222222,5.37111111,True,False,41.88333333,12.5,POINT (5.37111111 44.75222222),winter,1.0,658.7335948087172,623.0
134,1075,January,10.0,Hungary,47.19555556,18.40888889,False,True,41.88333333,12.5,POINT (18.40888889 47.19555556),winter,1.0,753.3441798430608,628.0
135,1075,January,11.0,Swabia,47.66666667,9.18333333,False,True,41.88333333,12.5,POINT (9.18333333 47.66666667),winter,1.0,694.152930598528,629.0
136,1075,January,11.0,Carinthia,46.61666667,14.3,False,True,41.88333333,12.5,POINT (14.3 46.61666667),winter,1.0,545.4578221432206,629.0
137,1075,January,13.0,Montefeltre,43.9,12.28333333,True,False,41.88333333,12.5,POINT (12.28333333 43.9),winter,1.0,224.93645875582138,631.0
138,1075,January,13.0,Gubbio,43.35,12.566667,True,False,41.88333333,12.5,POINT (12.566667 43.35),winter,1.0,163.1770892021873,631.0
139,1075,January,13.0,Chiusi,43.01666667,11.95,False,True,41.88333333,12.5,POINT (11.95 43.01666667),winter,1.0,133.8557994482266,631.0
140,1075,January,16.0,Italy,43.91666667,12.9,True,False,41.88333333,12.5,POINT (12.9 43.91666667),winter,1.0,228.43105361058892,634.0
141,1075,January,22.0,Cluny,46.43416667,4.65916667,True,False,41.88333333,12.5,POINT (4.65916667 46.43416667),winter,1.0,803.872886725467,640.0
142,1075,January,24.0,Aragon,41.65,-0.88333333,False,True,41.88333333,12.5,POINT (-0.88333333 41.65),winter,1.0,1109.14177366733,642.0
143,1075,January,25.0,Denmark,55.67611111,12.56833333,False,True,41.88333333,12.5,POINT (12.56833333 55.67611111),winter,1.0,1533.6948919008005,643.0
144,1075,February,28.0,Orléans,47.9025,1.909,False,True,41.88333333,12.5,POINT (1.909 47.9025),winter,2.0,1067.926849937673,677.0
145,1075,March,3.0,Piacenza,45.04777778,9.70055556,True,True,41.88333333,12.5,POINT (9.70055556 45.04777778),spring,3.0,418.09390795900583,680.0
146,1075,March,3.0,Lodi,45.31666667,9.5,True,False,41.88333333,12.5,POINT (9.5 45.31666667),spring,3.0,451.70101748436264,680.0
147,1075,March,4.0,Rheims,49.2628,4.0347,True,False,41.88333333,12.5,POINT (4.0347 49.2628),spring,3.0,1050.9984998050318,681.0
148,1075,March,5.0,Fiesole,43.80722222,11.29194444,True,True,41.88333333,12.5,POINT (11.29194444 43.80722222),spring,3.0,235.50240283733496,682.0
149,1075,March,5.0,Rheims,49.2628,4.0347,True,False,41.88333333,12.5,POINT (4.0347 49.2628),spring,3.0,1050.9984998050318,682.0
150,1075,March,9.0,Abbey of Romans,46.5,0.5,True,False,41.88333333,12.5,POINT (0.5 46.5),spring,3.0,1084.1338239671088,686.0
151,1075,March,13.0,Konstanz,47.66666667,9.18333333,True,False,41.88333333,12.5,POINT (9.18333333 47.66666667),spring,3.0,694.152930598528,690.0
152,1075,March,23.0,Liège,50.63333333,5.56666667,True,False,41.88333333,12.5,POINT (5.56666667 50.63333333),spring,3.0,1108.2558175808701,700.0
153,1075,March,23.0,Aquileia,45.769725,13.37119167,True,False,41.88333333,12.5,POINT (13.37119167 45.769725),spring,3.0,437.75359515900294,700.0
154,1075,March,23.0,Hungary,47.19555556,18.40888889,False,True,41.88333333,12.5,POINT (18.40888889 47.19555556),spring,3.0,753.3441798430608,700.0
155,1075,March,25.0,Saint-Denis,48.9356,2.3539,True,False,41.88333333,12.5,POINT (2.3539 48.9356),spring,3.0,1112.7339638068163,702.0
156,1075,March,25.0,Saint-Denis,48.9356,2.3539,True,False,41.88333333,12.5,POINT (2.3539 48.9356),spring,3.0,1112.7339638068163,702.0
157,1075,March,29.0,Halberstadt,51.89583333,11.04666667,True,False,41.88333333,12.5,POINT (11.04666667 51.89583333),spring,3.0,1118.7418844890117,706.0
158,1075,March,29.0,Cologne,50.94129,6.95817,True,False,41.88333333,12.5,POINT (6.95817 50.94129),spring,3.0,1092.3651186656896,706.0
159,1075,March,29.0,Magdeburg,52.13333333,11.61666667,True,False,41.88333333,12.5,POINT (11.61666667 52.13333333),spring,3.0,1141.690842744464,706.0
160,1075,April,9.0,Turin,45.07916667,7.67611111,True,False,41.88333333,12.5,POINT (7.67611111 45.07916667),spring,4.0,526.8534560855204,717.0
161,1075,April,17.0,Hungary,47.19555556,18.40888889,False,True,41.88333333,12.5,POINT (18.40888889 47.19555556),spring,4.0,753.3441798430608,725.0
162,1075,April,17.0,Bohemia,50.08333333,14.41666667,False,True,41.88333333,12.5,POINT (14.41666667 50.08333333),spring,4.0,923.6605279560193,725.0
163,1075,April,17.0,Bohemia,50.08333333,14.41666667,True,True,41.88333333,12.5,POINT (14.41666667 50.08333333),spring,4.0,923.6605279560193,725.0
164,1075,April,20.0,Poland,52.55,17.6,False,True,41.88333333,12.5,POINT (17.6 52.55),spring,4.0,1246.260650928694,728.0
165,1075,April,17.0,Poland,52.55,17.6,False,True,41.88333333,12.5,POINT (17.6 52.55),spring,4.0,1246.260650928694,725.0
166,1075,April,17.0,Denmark,55.67611111,12.56833333,False,True,41.88333333,12.5,POINT (12.56833333 55.67611111),spring,4.0,1533.6948919008005,725.0
167,1075,April,20.0,Bamberg,49.9,10.9,True,True,41.88333333,12.5,POINT (10.9 49.9),spring,4.0,899.9137754649989,728.0
168,1075,June,17.0,Salzburg,47.798056,13.045833,True,False,41.88333333,12.5,POINT (13.045833 47.798056),summer,6.0,659.088742264466,786.0
169,1075,July,20.0,Bamberg,49.9,10.9,True,True,41.75583333,12.29166667,POINT (10.9 49.9),summer,7.0,911.9420477926941,819.0
170,1075,July,20.0,Mainz,50.0,8.26666667,True,False,41.75583333,12.29166667,POINT (8.266666669999999 50),summer,7.0,967.8424644519928,819.0
171,1075,July,20.0,Holy Roman Empire,50.77555556,6.08361111,False,True,41.88333333,12.5,POINT (6.08361111 50.77555556),summer,7.0,1103.6991783153073,819.0
172,1075,September,3.0,Mainz,50.0,8.26666667,True,False,41.88333333,12.5,POINT (8.266666669999999 50),autumn,9.0,959.6535002698256,864.0
173,1075,September,11.0,Tuscany,44.576,10.456,False,True,41.88333333,12.5,POINT (10.456 44.576),autumn,9.0,342.1269156853009,872.0
174,1075,September,,Holy Roman Empire,50.77555556,6.08361111,False,True,41.88333333,12.5,POINT (6.08361111 50.77555556),autumn,9.0,1103.6991783153073,
175,1075,December,8.0,Milan,45.46694444,9.19,True,False,41.88333333,12.5,POINT (9.19 45.46694444),winter,12.0,479.1176122162628,960.0
176,1075,December,8.0,Milan,45.46694444,9.19,True,False,41.88333333,12.5,POINT (9.19 45.46694444),winter,12.0,479.1176122162628,960.0
177,1075,December,8.0,Holy Roman Empire,50.77555556,6.08361111,False,True,41.88333333,12.5,POINT (6.08361111 50.77555556),winter,12.0,1103.6991783153073,960.0
178,1076,March,14.0,Acerenza,40.79722222,15.94166667,True,False,41.88333333,12.5,POINT (15.94166667 40.79722222),spring,3.0,311.6468665513539,1056.0
179,1076,April,,Trier,49.75,6.63333333,True,False,41.88333333,12.5,POINT (6.63333333 49.75),spring,4.0,985.0986121843847,
180,1076,April,,Verdun,49.162,5.3876,True,False,41.88333333,12.5,POINT (5.3876 49.162),spring,4.0,979.8853511924284,
181,1076,April,,Metz,49.12027778,6.17777778,True,False,41.88333333,12.5,POINT (6.17777778 49.12027778),spring,4.0,942.8064877877634,
182,1076,April,,Roselle,42.76666667,11.1,True,True,41.88333333,12.5,POINT (11.1 42.76666667),spring,4.0,151.30497155954723,
183,1076,April,,Venice,45.4375,12.33583333,True,False,41.88333333,12.5,POINT (12.33583333 45.4375),spring,4.0,395.4256231943854,
184,1076,April,,Milan,45.46694444,9.19,False,True,41.88333333,12.5,POINT (9.19 45.46694444),spring,4.0,479.1176122162628,
185,1076,April,,Sens,48.1975,3.2877,True,False,41.88333333,12.5,POINT (3.2877 48.1975),spring,4.0,1007.0622097125946,
186,1076,April,,Orléans,47.9025,1.909,True,False,41.88333333,12.5,POINT (1.909 47.9025),spring,4.0,1067.926849937673,
187,1076,April,,Oca-Burgos,42.35,-3.70666667,True,False,41.88333333,12.5,POINT (-3.70666667 42.35),spring,4.0,1335.7457781876385,
188,1076,June,,Carthage,36.80638889,10.18166667,True,False,41.88333333,12.5,POINT (10.18166667 36.80638889),summer,6.0,598.62976293843,
189,1076,June,,Bougie,36.75,5.06666667,True,True,41.88333333,12.5,POINT (5.06666667 36.75),summer,6.0,856.547371019226,
190,1076,September,,Mauretania Sitifensis,36.19,5.41,False,True,41.88333333,12.5,POINT (5.41 36.19),autumn,9.0,880.1463009264398,
191,1076,August,15.0,Metz,49.12027778,6.17777778,True,False,41.95972222,12.79805556,POINT (6.17777778 49.12027778),summer,8.0,947.7506114780437,1210.0
192,1076,September,3.0,Germany,50.77555556,6.08361111,True,True,41.75583333,12.29166667,POINT (6.08361111 50.77555556),autumn,9.0,1109.7337892339874,1229.0
193,1076,September,27.0,Dol,48.5506,-1.7497,True,True,41.88333333,12.5,POINT (-1.7497 48.5506),autumn,9.0,1336.5989958434766,1253.0
194,1076,September,27.0,Brittany,48.1147,-1.6794,True,False,41.88333333,12.5,POINT (-1.6794 48.1147),autumn,9.0,1309.5890699916845,1253.0
195,1076,October,28.0,Liège,50.63333333,5.56666667,True,False,41.88333333,12.5,POINT (5.56666667 50.63333333),autumn,10.0,1108.2558175808701,1284.0
196,1076,October,31.0,Milan,45.46694444,9.19,False,True,41.88333333,12.5,POINT (9.19 45.46694444),autumn,10.0,479.1176122162628,1287.0
197,1076,November,1.0,Tuscany,43.47333333,11.87,True,False,41.88333333,12.5,POINT (11.87 43.47333333),autumn,11.0,184.14649344680532,1288.0
198,1076,November,2.0,Sens,48.1975,3.2877,True,False,41.88333333,12.5,POINT (3.2877 48.1975),autumn,11.0,1007.0622097125946,1289.0
199,1076,November,10.0,Flanders,51.21666667,3.23333333,False,True,41.88333333,12.5,POINT (3.23333333 51.21666667),autumn,11.0,1254.5204791731667,1297.0
200,1076,November,10.0,Flanders,51.21666667,3.23333333,False,True,41.88333333,12.5,POINT (3.23333333 51.21666667),autumn,11.0,1254.5204791731667,1297.0
201,1077,January,,Germany,50.77555556,6.08361111,True,True,44.576,10.456,POINT (6.08361111 50.77555556),winter,1.0,762.8043671905536,
202,1077,March,1.0,Tours,47.2436,0.6892,True,False,44.45,10.51666667,POINT (0.6892 47.2436),spring,3.0,821.4028035762606,1408.0
203,1077,March,4.0,Chartres,48.456,1.484,True,True,44.45,10.51666667,POINT (1.484 48.456),spring,3.0,822.1213043744282,1411.0
204,1077,March,4.0,Sens,48.1975,3.2877,True,False,44.45,10.51666667,POINT (3.2877 48.1975),spring,3.0,693.613788394,1411.0
205,1077,March,21.0,Abbey of Romans,46.5,0.5,True,False,44.78333333,10.88333333,POINT (0.5 46.5),spring,3.0,828.803687313853,1428.0
206,1077,March,21.0,England,51.50722222,-0.1275,False,True,44.63333333,10.46666667,POINT (-0.1275 51.50722222),spring,3.0,1095.158918809198,1428.0
207,1077,March,23.0,Le-Puy-en-Velay,45.0442,3.8858,True,False,44.63333333,10.46666667,POINT (3.8858 45.0442),spring,3.0,520.7474195794205,1430.0
208,1077,March,23.0,France,48.856613,2.352222,True,False,44.63333333,10.46666667,POINT (2.352222 48.856613),spring,3.0,775.7011224869868,1430.0
209,1077,March,25.0,Paris,48.856613,2.352222,True,False,44.63333333,10.46666667,POINT (2.352222 48.856613),spring,3.0,775.7011224869868,1432.0
210,1077,April,6.0,Metz,49.12027778,6.17777778,True,False,44.63333333,10.46666667,POINT (6.17777778 49.12027778),spring,4.0,595.7628947870833,1444.0
211,1077,May,12.0,Die,44.75222222,5.37111111,True,False,44.95,11.43333333,POINT (5.37111111 44.75222222),spring,5.0,478.28346282758554,1481.0
212,1077,May,31.0,Germany,50.77555556,6.08361111,True,False,44.45,10.51666667,POINT (6.08361111 50.77555556),spring,5.0,777.5660353303156,1500.0
213,1077,May,31.0,Germany,50.77555556,6.08361111,True,True,44.45,10.51666667,POINT (6.08361111 50.77555556),spring,5.0,777.5660353303156,1500.0
214,1077,June,9.0,Gran,47.78555556,18.74027778,True,False,44.45,10.51666667,POINT (18.74027778 47.78555556),summer,6.0,733.8264319322712,1508.0
215,1077,June,9.0,Grado,45.677778,13.394722,True,False,44.45,10.51666667,POINT (13.394722 45.677778),summer,6.0,264.04367014924946,1508.0
216,1077,June,9.0,Venice,45.4375,12.33583333,True,False,44.45,10.51666667,POINT (12.33583333 45.4375),summer,6.0,180.42574228652825,1508.0
217,1077,June,9.0,Venice,45.4375,12.33583333,True,True,44.45,10.51666667,POINT (12.33583333 45.4375),summer,6.0,180.42574228652825,1508.0
218,1077,June,28.0,Spain,41.65,-0.88333333,True,True,44.45,10.51666667,POINT (-0.88333333 41.65),summer,6.0,976.2560969661861,1527.0
219,1077,August,11.0,Lucca,43.84166667,10.50277778,True,False,43.78333333,11.25,POINT (10.50277778 43.84166667),summer,8.0,60.30620479180523,1571.0
220,1077,September,1.0,Pisa,43.71666667,10.4,True,True,43.31861111,11.33055556,POINT (10.4 43.71666667),autumn,9.0,87.11588741162765,1592.0
221,1077,September,16.0,Siena,43.31861111,11.33055556,True,False,41.88333333,12.5,POINT (11.33055556 43.31861111),autumn,9.0,186.09358516885476,1607.0
222,1077,September,16.0,Florence,43.78333333,11.25,True,False,41.88333333,12.5,POINT (11.25 43.78333333),autumn,9.0,234.56567472699763,1607.0
223,1077,September,16.0,Corsica,41.9267,8.7369,True,True,41.88333333,12.5,POINT (8.7369 41.9267),autumn,9.0,311.43582385187153,1607.0
224,1077,September,17.0,Aquileia,45.769725,13.37119167,True,True,41.88333333,12.5,POINT (13.37119167 45.769725),autumn,9.0,437.75359515900294,1608.0
225,1077,September,17.0,Aquileia,45.769725,13.37119167,True,False,41.88333333,12.5,POINT (13.37119167 45.769725),autumn,9.0,437.75359515900294,1608.0
226,1077,September,30.0,Germany,49.75,6.63333333,True,False,41.88333333,12.5,POINT (6.63333333 49.75),autumn,9.0,985.0986121843847,1621.0
227,1077,October,6.0,Sens,48.1975,3.2877,True,False,41.88333333,12.5,POINT (3.2877 48.1975),autumn,10.0,1007.0622097125946,1627.0
228,1077,October,6.0,Bourges,47.0844,2.3964,True,False,41.88333333,12.5,POINT (2.3964 47.0844),autumn,10.0,987.1130958150688,1627.0
229,1077,October,6.0,Orléans,47.9025,1.909,True,False,41.88333333,12.5,POINT (1.909 47.9025),autumn,10.0,1067.926849937673,1627.0
230,1077,November,6.0,Denmark,55.67611111,12.56833333,False,True,41.88333333,12.5,POINT (12.56833333 55.67611111),autumn,11.0,1533.6948919008005,1658.0
231,1077,nan,,Die,44.75222222,5.37111111,True,False,41.88333333,12.5,POINT (5.37111111 44.75222222),,,658.7335948087172,
232,1078,January,9.0,Zeta,42.83333333,17.7,False,True,41.88333333,12.5,POINT (17.7 42.83333333),winter,1.0,440.0517290083003,1722.0
233,1078,January,28.0,Ravenna,44.4156,12.1966,True,False,41.88333333,12.5,POINT (12.1966 44.4156),winter,1.0,282.6482782947263,1741.0
234,1078,January,29.0,Orléans,47.9025,1.909,True,True,41.88333333,12.5,POINT (1.909 47.9025),winter,1.0,1067.926849937673,1742.0
235,1078,March,9.0,Germany,50.77555556,6.08361111,True,True,41.88333333,12.5,POINT (6.08361111 50.77555556),spring,3.0,1103.6991783153073,1781.0
236,1078,March,9.0,Trier,49.75,6.63333333,True,False,41.88333333,12.5,POINT (6.63333333 49.75),spring,3.0,985.0986121843847,1781.0
237,1078,March,19.0,Speyer,49.31944444,8.43111111,True,False,41.88333333,12.5,POINT (8.43111111 49.31944444),spring,3.0,885.0386945809006,1791.0
238,1078,April,4.0,England,51.50722222,-0.1275,False,True,41.88333333,12.5,POINT (-0.1275 51.50722222),spring,4.0,1435.6506219570915,1807.0
239,1078,April,24.0,Orléans,47.9025,1.909,True,False,41.88333333,12.5,POINT (1.909 47.9025),spring,4.0,1067.926849937673,1827.0
240,1078,May,7.0,Cluny,46.43416667,4.65916667,True,False,41.88333333,12.5,POINT (4.65916667 46.43416667),spring,5.0,803.872886725467,1841.0
241,1078,May,22.0,Dol,48.5506,-1.7497,True,False,41.88661111,12.50575,POINT (-1.7497 48.5506),spring,5.0,1336.7445334376964,1856.0
242,1078,May,22.0,Brittany,48.1147,-1.6794,False,True,41.88661111,12.50575,POINT (-1.6794 48.1147),spring,5.0,1309.7525051087994,1856.0
243,1078,July,1.0,Germany,50.77555556,6.08361111,True,False,41.885,12.49666667,POINT (6.08361111 50.77555556),summer,7.0,1103.4170231469207,1895.0
244,1078,August,22.0,Rheims,49.2628,4.0347,True,False,41.5,13.83333333,POINT (4.0347 49.2628),summer,8.0,1151.6811767684155,1947.0
245,1078,August,22.0,Die,44.75222222,5.37111111,True,False,41.5,13.83333333,POINT (5.37111111 44.75222222),summer,8.0,775.5977120675311,1947.0
246,1078,August,22.0,Cluny,46.43416667,4.65916667,True,False,41.5,13.83333333,POINT (4.65916667 46.43416667),summer,8.0,915.5774776653486,1947.0
247,1078,October,9.0,Liège,50.63333333,5.56666667,True,False,42.74388889,11.86444444,POINT (5.56666667 50.63333333),autumn,10.0,999.3137931157792,1995.0
248,1078,October,22.0,Metz,49.12027778,6.17777778,True,False,42.23333333,12.28333333,POINT (6.17777778 49.12027778),autumn,10.0,900.1219701273844,2008.0
249,1078,November,25.0,Die,44.75222222,5.37111111,True,False,41.88333333,12.5,POINT (5.37111111 44.75222222),autumn,11.0,658.7335948087172,2042.0
250,1078,November,25.0,Thérouanne,50.6375,2.2597,True,True,41.88333333,12.5,POINT (2.2597 50.6375),autumn,11.0,1249.5164251174442,2042.0
251,1078,November,25.0,Saint-Pol,50.3797,2.335,True,True,41.88333333,12.5,POINT (2.335 50.3797),autumn,11.0,1224.9497244766885,2042.0
252,1078,November,25.0,Thérouanne,50.6375,2.2597,True,False,41.88333333,12.5,POINT (2.2597 50.6375),autumn,11.0,1249.5164251174442,2042.0
253,1078,November,26.0,Ravenna,44.4156,12.1966,True,True,41.88333333,12.5,POINT (12.1966 44.4156),autumn,11.0,282.6482782947263,2043.0
254,1078,November,28.0,San Martino,43.84069444,10.50583333,True,False,41.88333333,12.5,POINT (10.50583333 43.84069444),autumn,11.0,271.62125319753414,2045.0
255,1078,November,30.0,Pisa,43.71666667,10.4,True,False,41.88333333,12.5,POINT (10.4 43.71666667),autumn,11.0,266.274824671413,2047.0
256,1078,December,15.0,Norway,63.42972222,10.39333333,False,True,41.88333333,12.5,POINT (10.39333333 63.42972222),winter,12.0,2399.7506509894065,2062.0
257,1078,December,30.0,Bavaria,49.01666667,12.08333333,False,True,41.88333333,12.5,POINT (12.08333333 49.01666667),winter,12.0,793.8526115246265,2077.0
258,1079,January,2.0,Saint-Victor at Marseilles,43.2964,5.37,True,False,41.88333333,12.5,POINT (5.37 43.2964),winter,1.0,604.2489854934645,2080.0
259,1079,January,2.0,Girona,41.98444444,2.82111111,True,False,41.88333333,12.5,POINT (2.82111111 41.98444444),winter,1.0,800.2879583437079,2080.0
260,1079,January,2.0,Cluny,46.43416667,4.65916667,True,False,41.88333333,12.5,POINT (4.65916667 46.43416667),winter,1.0,803.872886725467,2080.0
261,1079,February,14.0,Parma,44.80147222,10.328,True,False,41.88333333,12.5,POINT (10.328 44.80147222),winter,2.0,368.93616993704865,2123.0
262,1079,February,17.0,Bamberg,49.9,10.9,False,True,41.88333333,12.5,POINT (10.9 49.9),winter,2.0,899.9137754649989,2126.0
263,1079,February,25.0,Béarn,43.3,-0.3667,False,True,41.88333333,12.5,POINT (-0.3667 43.3),winter,2.0,1063.8991730650366,2134.0
264,1079,March,1.0,Arles,43.6767,4.6278,True,True,41.88333333,12.5,POINT (4.6278 43.6767),spring,3.0,672.400300575259,2138.0
265,1079,March,3.0,Tuscany,44.576,10.456,False,True,41.88333333,12.5,POINT (10.456 44.576),spring,3.0,342.1269156853009,2140.0
266,1079,March,5.0,Orléans,47.9025,1.909,True,True,41.88333333,12.5,POINT (1.909 47.9025),spring,3.0,1067.926849937673,2142.0
267,1079,March,8.0,Oloron,43.1947,-0.6056,True,False,41.88333333,12.5,POINT (-0.6056 43.1947),spring,3.0,1082.4571194703071,2145.0
268,1079,March,8.0,Saint-Sever,43.7597,-0.5742,True,False,41.88333333,12.5,POINT (-0.5742 43.7597),spring,3.0,1085.3157808325066,2145.0
269,1079,March,14.0,Lille,50.6278,3.0583,True,False,41.88333333,12.5,POINT (3.0583 50.6278),spring,3.0,1211.3673988883672,2151.0
270,1079,March,20.0,Déols,46.8308,1.7067,True,False,41.88333333,12.5,POINT (1.7067 46.8308),spring,3.0,1017.9216279915668,2157.0
271,1079,March,20.0,Bourges,47.0844,2.3964,False,True,41.88333333,12.5,POINT (2.3964 47.0844),spring,3.0,987.1130958150688,2157.0
272,1079,March,25.0,Hungary,47.19555556,18.40888889,False,True,41.88333333,12.5,POINT (18.40888889 47.19555556),spring,3.0,753.3441798430608,2162.0
273,1079,March,25.0,Canterbury,51.28,1.08,True,False,41.88333333,12.5,POINT (1.08 51.28),spring,3.0,1358.2080439452932,2162.0
274,1079,March,31.0,Provence,43.2964,5.37,True,False,41.88333333,12.5,POINT (5.37 43.2964),spring,3.0,604.2489854934645,2168.0
275,1079,April,13.0,Poitiers,46.58,0.34,True,False,41.88333333,12.5,POINT (0.34 46.58),spring,4.0,1098.9290453241763,2181.0
276,1079,April,14.0,Cluny,46.43416667,4.65916667,True,False,41.88333333,12.5,POINT (4.65916667 46.43416667),spring,4.0,803.872886725467,2182.0
277,1079,April,20.0,Lyons,45.76,4.84,True,False,41.88333333,12.5,POINT (4.84 45.76),spring,4.0,750.1087408059522,2188.0
278,1079,April,20.0,Rouen,49.44277778,1.08861111,True,False,41.88333333,12.5,POINT (1.08861111 49.44277778),spring,4.0,1219.388665745016,2188.0
279,1079,April,20.0,Tours,47.2436,0.6892,True,False,41.88333333,12.5,POINT (0.6892 47.2436),spring,4.0,1107.5879385839394,2188.0
280,1079,April,20.0,Sens,48.1975,3.2877,True,False,41.88333333,12.5,POINT (3.2877 48.1975),spring,4.0,1007.0622097125946,2188.0
281,1079,April,20.0,Lyons,45.76,4.84,True,False,41.88333333,12.5,POINT (4.84 45.76),spring,4.0,750.1087408059522,2188.0
282,1079,April,21.0,Capua,41.885,12.49666667,False,True,41.88333333,12.5,POINT (12.49666667 41.885),spring,4.0,0.33240367029603846,2189.0
283,1079,June,16.0,Aquileia,45.769725,13.37119167,True,False,41.88333333,12.5,POINT (13.37119167 45.769725),summer,6.0,437.75359515900294,2245.0
284,1079,June,21.0,Como,45.81666667,9.08333333,True,False,41.88333333,12.5,POINT (9.08333333 45.81666667),summer,6.0,515.9768931154389,2250.0
285,1079,June,28.0,La Marche,47.1414,3.0347,False,True,41.88661111,12.50575,POINT (3.0347 47.1414),summer,6.0,950.3634612677064,2257.0
286,1079,September,23.0,Flanders,51.21666667,3.23333333,True,False,41.88333333,12.5,POINT (3.23333333 51.21666667),autumn,9.0,1254.5204791731667,2344.0
287,1079,October,1.0,Lucca,43.84166667,10.50277778,True,True,41.88333333,12.5,POINT (10.50277778 43.84166667),autumn,10.0,271.8560864215247,2352.0
288,1079,October,1.0,Germany,51.0,9.0,True,True,41.88333333,12.5,POINT (9 51),autumn,10.0,1048.282639302685,2352.0
289,1079,October,7.0,Istria,44.86666667,13.85,False,True,41.88333333,12.5,POINT (13.85 44.86666667),autumn,10.0,349.2010733049173,2358.0
290,1079,October,15.0,Denmark,55.67611111,12.56833333,False,True,41.88333333,12.5,POINT (12.56833333 55.67611111),autumn,10.0,1533.6948919008005,2366.0
291,1079,October,15.0,León-Castille,42.60555556,-5.57,False,True,41.88333333,12.5,POINT (-5.57 42.60555556),autumn,10.0,1486.781864682632,2366.0
292,1079,November,2.0,Saint-Victor,43.2964,5.37,True,False,41.88333333,12.5,POINT (5.37 43.2964),autumn,11.0,604.2489854934645,2384.0
293,1079,November,2.0,Saint-Victor,43.2964,5.37,True,False,41.88333333,12.5,POINT (5.37 43.2964),autumn,11.0,604.2489854934645,2384.0
294,1079,November,3.0,Asti,44.9,8.20694444,True,False,41.88333333,12.5,POINT (8.206944439999999 44.9),autumn,11.0,482.41294074440043,2385.0
295,1079,November,3.0,Turin,45.07916667,7.67611111,True,False,41.88333333,12.5,POINT (7.67611111 45.07916667),autumn,11.0,526.8534560855204,2385.0
296,1079,November,3.0,Acqui,44.68333333,8.46666667,True,False,41.88333333,12.5,POINT (8.46666667 44.68333333),autumn,11.0,451.0328332873959,2385.0
297,1079,November,25.0,Brittany,48.1147,-1.6794,True,False,41.88333333,12.5,POINT (-1.6794 48.1147),autumn,11.0,1309.5890699916845,2407.0
298,1080,January,2.0,Bohemia,50.08333333,14.41666667,False,True,41.88333333,12.5,POINT (14.41666667 50.08333333),winter,1.0,923.6605279560193,2445.0
299,1080,January,3.0,Rheims,49.2628,4.0347,True,False,41.88333333,12.5,POINT (4.0347 49.2628),winter,1.0,1050.9984998050318,2446.0
300,1080,January,30.0,Verdun,49.162,5.3876,True,False,41.88333333,12.5,POINT (5.3876 49.162),winter,1.0,979.8853511924284,2473.0
301,1080,January,30.0,Liège,50.63333333,5.56666667,True,False,41.88333333,12.5,POINT (5.56666667 50.63333333),winter,1.0,1108.2558175808701,2473.0
302,1080,March,8.0,Brittany,48.1147,-1.6794,True,True,41.88333333,12.5,POINT (-1.6794 48.1147),spring,3.0,1309.5890699916845,2510.0
303,1080,March,8.0,Tours,47.2436,0.6892,True,True,41.88333333,12.5,POINT (0.6892 47.2436),spring,3.0,1107.5879385839394,2510.0
304,1080,March,26.0,Thérouanne,50.6375,2.2597,True,False,41.88333333,12.5,POINT (2.2597 50.6375),spring,3.0,1249.5164251174442,2528.0
305,1080,March,24.0,Bourg-Dieu,46.8308,1.7067,True,False,41.88333333,12.5,POINT (1.7067 46.8308),spring,3.0,1017.9216279915668,2526.0
306,1080,April,12.0,Auch,43.6465,0.5855,True,False,41.88333333,12.5,POINT (0.5855 43.6465),spring,4.0,991.2549773280466,2545.0
307,1080,April,12.0,Bourges,47.0844,2.3964,True,True,41.88333333,12.5,POINT (2.3964 47.0844),spring,4.0,987.1130958150688,2545.0
308,1080,April,12.0,Narbonne,43.1836,3.0042,True,True,41.88333333,12.5,POINT (3.0042 43.1836),spring,4.0,790.9241160633267,2545.0
309,1080,April,12.0,Bordeaux,44.84,-0.58,True,True,41.88333333,12.5,POINT (-0.58 44.84),spring,4.0,1105.9018618823327,2545.0
310,1080,April,12.0,Rheims,49.2628,4.0347,True,False,41.88333333,12.5,POINT (4.0347 49.2628),spring,4.0,1050.9984998050318,2545.0
311,1080,April,19.0,Denmark,55.67611111,12.56833333,False,True,41.88333333,12.5,POINT (12.56833333 55.67611111),spring,4.0,1533.6948919008005,2552.0
312,1080,April,24.0,Le Mans,48.0077,0.1984,True,False,41.88333333,12.5,POINT (0.1984 48.0077),spring,4.0,1181.4056236268846,2557.0
313,1080,April,24.0,England,51.50722222,-0.1275,False,True,41.88333333,12.5,POINT (-0.1275 51.50722222),spring,4.0,1435.6506219570915,2557.0
314,1080,May,8.0,Hirsau,48.73777778,8.73222222,True,False,41.88661111,12.50575,POINT (8.732222220000001 48.73777778),spring,5.0,816.6979129129282,2572.0
315,1080,May,8.0,England,51.50722222,-0.1275,False,True,41.88333333,12.5,POINT (-0.1275 51.50722222),spring,5.0,1435.6506219570915,2572.0
316,1080,May,8.0,England,51.5,-0.11666667,False,True,41.88333333,12.5,POINT (-0.11666667 51.5),spring,5.0,1434.554217222094,2572.0
317,1080,May,8.0,England,51.50722222,-0.1275,False,True,41.88333333,12.5,POINT (-0.1275 51.50722222),spring,5.0,1435.6506219570915,2572.0
318,1080,n,,Benevento,41.13333333,14.78333333,True,False,41.88333333,12.5,POINT (14.78333333 41.13333333),,,207.6081873510357,
319,1080,June,6.0,Tsmandos,39.90861111,41.27694444,True,False,41.88333333,12.5,POINT (41.27694444 39.90861111),summer,6.0,2417.327463589518,2600.0
320,1080,June,27.0,Cluny,46.43416667,4.65916667,True,False,43.0,12.0,POINT (4.65916667 46.43416667),summer,6.0,693.9931428522724,2621.0
321,1080,June,27.0,León-Castille,42.60555556,-5.57,False,True,43.0,12.0,POINT (-5.57 42.60555556),summer,6.0,1431.477080040526,2621.0
322,1080,June,27.0,Marseilles,43.2964,5.37,True,False,43.0,12.0,POINT (5.37 43.2964),summer,6.0,538.7344766297164,2621.0
323,1080,July,21.0,South Italy,41.12527778,16.86666667,True,False,41.566666999999995,13.333332999999998,POINT (16.86666667 41.12527778),summer,7.0,298.9881486376035,2645.0
324,1080,July,25.0,Apulia,41.12527778,16.86666667,True,False,41.566666999999995,13.333332999999998,POINT (16.86666667 41.12527778),summer,7.0,298.9881486376035,2649.0
325,1080,July,25.0,Calabria,38.9,16.6,True,False,41.566666999999995,13.333332999999998,POINT (16.6 38.9),summer,7.0,405.9165392997194,2649.0
326,1080,September,18.0,Salerno,40.68333333,14.76666667,True,False,41.88333333,12.5,POINT (14.76666667 40.68333333),autumn,9.0,231.6678033101517,2704.0
327,1080,September,22.0,Germany,50.77555556,6.08361111,True,True,41.88333333,12.5,POINT (6.08361111 50.77555556),autumn,9.0,1103.6991783153073,2708.0
328,1080,October,1.0,Cagliari,39.22777778,9.11111111,False,True,41.88333333,12.5,POINT (9.11111111 39.22777778),autumn,10.0,411.2249110825515,2717.0
329,1080,October,4.0,Sweden,59.32944444,18.06861111,False,True,41.88333333,12.5,POINT (18.06861111 59.32944444),autumn,10.0,1977.6496603310557,2720.0
330,1080,October,15.0,Tuscany,44.576,10.456,True,True,41.88333333,12.5,POINT (10.456 44.576),autumn,10.0,342.1269156853009,2731.0
331,1080,October,15.0,Fermo,43.16083333,13.71583333,True,True,41.88333333,12.5,POINT (13.71583333 43.16083333),autumn,10.0,173.50870188703246,2731.0
332,1080,October,15.0,Exarchate of Ravenna,44.4156,12.1966,True,True,41.88333333,12.5,POINT (12.1966 44.4156),autumn,10.0,282.6482782947263,2731.0
333,1080,October,15.0,Ravenna,44.4156,12.1966,True,True,41.88333333,12.5,POINT (12.1966 44.4156),autumn,10.0,282.6482782947263,2731.0
334,1080,December,11.0,Ravenna,44.41666667,12.2,True,True,41.88333333,12.5,POINT (12.2 44.41666667),winter,12.0,282.74255643467194,2788.0
335,1080,December,11.0,The Pentapolis,44.05944444,12.56833333,True,True,41.88333333,12.5,POINT (12.56833333 44.05944444),winter,12.0,242.03634935326383,2788.0
336,1080,December,11.0,Fermo,43.16083333,13.71583333,True,True,41.88333333,12.5,POINT (13.71583333 43.16083333),winter,12.0,173.50870188703246,2788.0
337,1080,December,11.0,Spoleto,42.7564791,12.68547,True,True,41.88333333,12.5,POINT (12.68547 42.7564791),winter,12.0,98.27949248911159,2788.0
338,1080,December,12.0,Valva,42.1245,13.8441,True,True,41.88333333,12.5,POINT (13.8441 42.1245),winter,12.0,114.25170302555195,2789.0
339,1080,December,23.0,Saint-Gilles,43.6786,4.4317,False,True,41.88333333,12.5,POINT (4.4317 43.6786),winter,12.0,687.7331202573594,2800.0
340,1080,December,27.0,Rheims,49.2628,4.0347,True,True,41.88333333,12.5,POINT (4.0347 49.2628),winter,12.0,1050.9984998050318,2804.0
341,1080,December,27.0,Roucy,49.3728,3.8158,False,True,41.88333333,12.5,POINT (3.8158 49.3728),winter,12.0,1070.7080054053413,2804.0
342,1080,December,27.0,Rheims,49.2628,4.0347,True,False,41.88333333,12.5,POINT (4.0347 49.2628),winter,12.0,1050.9984998050318,2804.0
343,1080,December,27.0,France,48.856613,2.352222,False,True,41.88333333,12.5,POINT (2.352222 48.856613),winter,12.0,1107.0849417617649,2804.0
344,1081,March,15.0,Metz,49.12027778,6.17777778,True,False,41.88333333,12.5,POINT (6.17777778 49.12027778),spring,3.0,942.8064877877634,2882.0
345,1081,nan,,Hungary,47.19555556,18.40888889,False,True,41.88333333,12.5,POINT (18.40888889 47.19555556),,,753.3441798430608,
346,1084,nan,,Gaul,48.856613,2.352222,True,False,40.68333333,14.76666667,POINT (2.352222 48.856613),,,1333.4510317207205,
347,1081,nan,,Rouen,49.44277778,1.08861111,True,False,40.68333333,14.76666667,POINT (1.08861111 49.44277778),,,1446.0200214958306,
348,1081,nan,,Leon,42.60555556,-5.57,False,True,40.68333333,14.76666667,POINT (-5.57 42.60555556),,,1699.1437405004299,
349,1081,March,,Passau,48.56666667,13.46666667,True,False,40.68333333,14.76666667,POINT (13.46666667 48.56666667),spring,3.0,882.5661400292671,
350,1081,March,,Hirsau,48.73333333,8.73333333,True,False,40.68333333,14.76666667,POINT (8.733333330000001 48.73333333),spring,3.0,1013.4040292452576,
351,1081,February,,Montecassino,41.49,13.81388889,True,False,40.68333333,14.76666667,POINT (13.81388889 41.49),winter,2.0,120.08951120294643,
352,1081,nan,,France,45.7464,-0.6333,True,False,40.68333333,14.76666667,POINT (-0.6333 45.7464),,,1366.1271918569482,
353,1081,April,18.0,Marseilles,43.2964,5.37,True,False,41.88333333,12.5,POINT (5.37 43.2964),spring,4.0,604.2489854934645,2916.0
354,1081,nan,,Maskarans,46.58,0.34,True,False,41.88333333,12.5,POINT (0.34 46.58),,,1098.9290453241763,
355,1081,April,8.0,Venice,45.4375,12.33583333,True,True,41.88333333,12.5,POINT (12.33583333 45.4375),spring,4.0,395.4256231943854,2906.0
356,1081,April,28.0,Blois,47.5939,1.3281,False,True,41.88661111,12.50575,POINT (1.3281 47.5939),spring,4.0,1085.52980695793,2926.0
357,1081,nan,,Passau,48.56666667,13.46666667,True,False,41.88661111,12.50575,POINT (13.46666667 48.56666667),,,746.5732279146528,
358,1081,May,,Montecassino,41.49,13.81388889,True,False,41.88661111,12.50575,POINT (13.81388889 41.49),spring,5.0,117.23402897398661,
359,1080,December,12.0,Valva,42.1245,13.8441,True,True,41.88661111,12.50575,POINT (13.8441 42.1245),winter,12.0,113.70182425968349,2789.0
360,1083,nan,,Flanders,51.0,4.5,False,True,41.88661111,12.50575,POINT (4.5 51),,,1182.9727365632873,
361,1081,nan,,Sweden,59.32944444,18.06861111,False,True,41.88661111,12.50575,POINT (18.06861111 59.32944444),,,1977.2128960006005,
362,1081,December,4.0,Die,44.75222222,5.37111111,True,False,41.88661111,12.50575,POINT (5.37111111 44.75222222),winter,12.0,658.950582046051,3146.0
363,1081,nan,,Chartres,48.456,1.484,True,True,41.88661111,12.50575,POINT (1.484 48.456),,,1129.4486592869994,
364,1081,nan,,Apulia,41.12527778,16.86666667,False,True,41.88661111,12.50575,POINT (16.86666667 41.12527778),,,372.8349576630622,
365,1082,October,24.0,Die,44.75222222,5.37111111,True,False,41.88661111,12.50575,POINT (5.37111111 44.75222222),autumn,10.0,658.950582046051,3470.0
366,1083,nan,,Lyons,45.76,4.84,True,False,41.88661111,12.50575,POINT (4.84 45.76),,,750.2631105472029,
367,1082,May,,Canterbury,51.28,1.08,True,False,41.88661111,12.50575,POINT (1.08 51.28),spring,5.0,1358.1912973054739,
368,1080,December,23.0,Saint-Gilles,43.6786,4.4317,False,True,41.88333333,12.5,POINT (4.4317 43.6786),winter,12.0,687.7331202573594,2800.0
369,1083,nan,,Tours,47.2436,0.6892,True,True,41.88333333,12.5,POINT (0.6892 47.2436),,,1107.5879385839394,
370,1083,nan,,Angers,47.473612,-0.554167,True,True,41.88333333,12.5,POINT (-0.554167 47.473612),,,1202.549439498059,
371,1081,January,,Sicily,38.11666667,13.36666667,False,True,41.88333333,12.5,POINT (13.36666667 38.11666667),winter,1.0,425.2831667818935,
372,1082,nan,,Capua,41.885,12.49666667,True,False,41.88333333,12.5,POINT (12.49666667 41.885),,,0.33240367029603846,
373,1082,nan,,Naples,40.845,14.25833333,True,False,41.88333333,12.5,POINT (14.25833333 40.845),,,186.7099168298193,
374,1083,nan,,Santi Quattro Coronati,41.88833333,12.49833333,True,False,41.88333333,12.5,POINT (12.49833333 41.88833333),,,0.5728381986997375,
375,1083,nan,,Saint-Victor,43.2964,5.37,True,False,41.88333333,12.5,POINT (5.37 43.2964),,,604.2489854934645,
376,1083,nan,,Saint-Pol-sur-Ternoise,50.3797,2.335,False,True,41.88333333,12.5,POINT (2.335 50.3797),,,1224.9497244766885,
377,1083,nan,,Quesques,50.7042,1.9336,False,True,41.88333333,12.5,POINT (1.9336 50.7042),,,1270.648564324298,
378,1083,nan,,Die,44.75222222,5.37111111,True,False,41.88333333,12.5,POINT (5.37111111 44.75222222),,,658.7335948087172,
379,1083,nan,,Lyons,45.76,4.84,True,False,41.88333333,12.5,POINT (4.84 45.76),,,750.1087408059522,
380,1083,nan,,Flanders,51.21666667,3.23333333,False,True,41.88333333,12.5,POINT (3.23333333 51.21666667),,,1254.5204791731667,
381,1083,nan,,Flanders,51.21666667,3.23333333,True,True,41.88333333,12.5,POINT (3.23333333 51.21666667),,,1254.5204791731667,
382,1083,nan,,Cambrai,50.1767,3.2356,True,True,41.88333333,12.5,POINT (3.2356 50.1767),,,1165.1598586884782,
383,1083,nan,,Noyon,49.5817,2.9997,True,True,41.88333333,12.5,POINT (2.9997 49.5817),,,1128.0226240534748,
384,1083,nan,,Amiens,49.892,2.299,True,True,41.88333333,12.5,POINT (2.299 49.892),,,1187.9858091217668,
385,1083,nan,,Flanders,51.0,4.5,False,True,41.88333333,12.5,POINT (4.5 51),,,1183.0676579415124,
386,1083,nan,,England,51.50722222,-0.1275,False,True,41.88333333,12.5,POINT (-0.1275 51.50722222),,,1435.6506219570915,
